ID,First Name,Last Name,Date of Birth,Gender
1,Grace,Wright,1982-08-12,female
2,Lily,Hall,1996-10-19,female
3,Jane,Lewis,1991-09-22,female
4,Grace,Garcia,1972-10-30,female
5,Sophie,Williams,1976-01-28,female
6,Nora,Perez,1955-07-31,female
7,Mia,Scott,1970-01-17,female
8,Jennifer,Moore,1966-02-03,female
9,Matthew,Jones,1975-08-29,male
10,David,Baker,1959-03-17,male
11,Madison,White,1968-12-27,female
12,Logan,Davis,1959-03-01,male
13,Emily,Garcia,1956-06-20,female
14,Lucy,Perez,1999-10-23,female
15,Daniel,Green,1982-10-16,male
16,Elizabeth,Hernandez,1959-01-28,female
17,Emily,Hernandez,1993-06-12,female
18,Joseph,Taylor,1968-04-13,male
19,Madison,Wilson,1955-04-10,female
20,Grace,Taylor,1982-11-23,female
21,Lucas,Wright,1959-12-18,male
22,Elizabeth,Hernandez,1974-08-20,female
23,Liam,Moore,1975-09-08,male
24,Liam,Robinson,1965-10-10,male
25,Victoria,Robinson,1990-11-17,female
26,James,Miller,1991-05-20,male
27,Karen,Harris,1983-08-29,female
28,Alexis,Taylor,1951-11-03,male
29,Logan,Thompson,1966-04-13,male
30,Olivia,Evans,1954-07-11,female
31,Mia,Phillips,1978-08-09,female
32,Chloe,Robinson,1982-12-21,female
33,Joshua,Jones,1961-01-22,male
34,Alexis,Wilson,1986-05-17,male
35,Ella,White,1985-07-13,female
36,Charles,Anderson,1977-02-11,male
37,Ella,Jackson,1987-08-19,female
38,Henry,Smith,1976-08-13,male
39,Benjamin,Baker,1971-08-20,male
40,Richard,Garcia,1968-07-25,male
41,Nathan,Brown,1953-12-01,male
42,Oliver,Harris,1993-01-01,male
43,Logan,Smith,1959-04-06,male
44,Daniel,Lee,1992-10-27,male
45,Amelia,Lewis,1979-01-15,female
46,John,Baker,1976-03-05,male
47,Ava,Turner,1980-02-09,female
48,Nathan,Hall,1982-12-31,male
49,William,Taylor,2000-11-13,male
50,Jackson,Brown,1986-08-03,male
51,Lily,Adams,1986-01-04,female
52,Madison,Turner,1990-09-15,female
53,Elizabeth,Williams,1994-02-23,female
54,Ethan,Johnson,1991-12-25,male
55,Thomas,Taylor,1992-11-03,male
56,Ethan,Young,1990-09-22,male
57,Sarah,Thompson,1973-12-15,female
58,Thomas,Taylor,1966-04-17,male
59,Emily,Young,1963-05-07,female
60,Nathan,Miller,1988-06-26,male
61,Emily,Moore,1997-05-20,female
62,Amelia,Lee,1968-02-04,female
63,Nora,Miller,1959-12-19,female
64,Aiden,Carter,1963-04-14,male
65,Ella,White,1968-03-30,female
66,Benjamin,Williams,1992-10-15,male
67,Sophia,Lee,1959-06-11,female
68,Charlotte,Hall,1965-12-04,female
69,Liam,King,1969-05-06,male
70,Sophia,Lewis,1950-10-22,female
71,Oliver,Wilson,1982-02-26,male
72,Sophia,Martin,1996-07-27,female
73,Sophia,Johnson,1997-12-13,female
74,Logan,Turner,1969-08-18,male
75,Olivia,Johnson,1981-01-22,female
76,Jane,Harris,1973-05-12,female
77,James,Brown,1982-12-08,male
78,Elizabeth,Robinson,1977-12-18,female
79,Ava,Harris,1982-04-07,female
80,Emily,Harris,1976-04-29,female
81,Jessica,Robinson,1984-03-26,female
82,Charlotte,Hernandez,1984-09-01,female
83,Sarah,Lee,1974-09-27,female
84,Jane,Wright,1994-12-10,female
85,Jackson,Taylor,1966-06-19,male
86,Ethan,Evans,1968-01-14,male
87,Lucas,Taylor,1972-01-13,male
88,Mia,Anderson,1975-10-24,female
89,Sophia,Baker,2000-05-17,female
90,Grace,Clark,1960-11-08,female
91,Andrew,Martin,1958-12-25,male
92,Jessica,Hall,1970-10-06,female
93,Madison,Brown,1953-10-06,female
94,Logan,Green,1957-02-16,male
95,Liam,Lee,1958-11-06,male
96,Benjamin,Robinson,1970-10-30,male
97,Lucas,Robinson,1965-12-27,male
98,Richard,Jones,1988-12-17,male
99,Emily,Lewis,1983-05-30,female
100,Madison,Harris,1983-01-09,female
101,Grace,Robinson,1956-05-13,female
102,Isabella,Miller,1963-11-29,female
103,Andrew,Brown,1982-11-15,male
104,Anna,Clark,1992-03-21,female
105,Ethan,Turner,1994-03-01,male
106,Grace,Robinson,1966-02-11,female
107,Ava,Lee,1994-02-13,female
108,Jessica,Williams,1974-03-26,female
109,Mia,Cooper,1995-05-24,female
110,Sarah,Jackson,1964-07-02,female
111,Chloe,Young,1971-02-17,female
112,Liam,Anderson,1982-09-27,male
113,Ethan,White,1991-11-16,male
114,Daniel,Jackson,1966-10-13,male
115,Amelia,Wright,1995-02-22,female
116,Ethan,White,1983-11-04,male
117,Joshua,Smith,1989-12-21,male
118,Matthew,Taylor,1994-08-25,male
119,John,Smith,1956-03-12,male
120,Olivia,Brown,1993-01-16,female
121,David,Garcia,1952-12-07,male
122,Robert,Lopez,1974-05-14,male
123,Liam,Jones,1987-01-14,male
124,Chloe,Wilson,1953-09-23,female
125,Amelia,White,1971-03-09,female
126,Jane,Robinson,1985-04-04,female
127,Michael,Robinson,1990-09-09,male
128,Daniel,Davis,1952-11-15,male
129,Nathan,Hernandez,1954-08-29,male
130,Scarlett,Garcia,1989-01-20,female
131,David,Robinson,1999-12-29,male
132,Scarlett,Clark,1996-07-16,female
133,Jane,Martin,1957-03-06,female
134,Liam,Wilson,1994-12-18,male
135,Jennifer,Turner,1981-11-14,female
136,Isabella,Green,1956-10-17,female
137,Aria,Cooper,1951-07-29,female
138,Mary,Lee,1961-02-15,female
139,Daniel,Martin,1953-11-25,male
140,Robert,Hall,1953-09-17,male
141,Joseph,Miller,1971-12-15,male
142,David,Thompson,1980-02-03,male
143,Karen,Martin,1966-03-05,female
144,David,Clark,1976-01-14,male
145,Logan,Thompson,1995-08-09,male
146,Karen,Wilson,1971-11-09,female
147,Emily,Scott,1971-10-18,female
148,Emily,Wilson,1976-08-07,female
149,Jennifer,Evans,1978-04-18,female
150,Matthew,Hernandez,1992-04-15,male
151,Alexis,White,1973-05-08,male
152,Karen,Smith,1956-03-22,female
153,Charlotte,Baker,1966-04-21,female
154,Matthew,Thompson,1973-09-09,male
155,Madison,Green,1960-07-11,female
156,Emma,Clark,1965-06-10,female
157,Anna,Thompson,1983-12-28,female
158,Alexis,Wright,1987-04-02,male
159,Logan,Cooper,1988-01-28,male
160,Sarah,Jones,1997-11-11,female
161,Daniel,Miller,1996-02-21,male
162,Karen,Phillips,1989-10-10,female
163,Charles,Cooper,1996-01-31,male
164,Richard,Hall,1988-01-17,male
165,Richard,Perez,1975-07-29,male
166,James,Jones,1959-06-04,male
167,Ethan,Wilson,1985-04-05,male
168,Alexis,Green,1981-08-18,male
169,Thomas,White,1978-07-07,male
170,Zoe,Lee,1959-05-31,female
171,Lily,King,1981-01-01,female
172,Aria,Brown,1978-01-14,female
173,Chloe,King,1974-02-22,female
174,Sarah,Jones,1992-09-16,female
175,Logan,Wilson,1996-04-22,male
176,Andrew,Martin,1993-07-11,male
177,Isabella,Carter,1972-07-17,female
178,Emma,Perez,1968-09-03,female
179,Emma,Robinson,1991-12-16,female
180,Ella,Robinson,1996-02-17,female
181,Elizabeth,Carter,1953-01-01,female
182,Ethan,Taylor,1978-09-21,male
183,Sophie,Adams,1956-07-15,female
184,Jennifer,Green,1984-04-04,female
185,Anna,Jackson,1957-09-30,female
186,Michael,Clark,1998-08-17,male
187,Alexis,Robinson,1962-08-20,male
188,Emily,Harris,1988-12-21,female
189,Richard,Hernandez,1960-11-30,male
190,Olivia,Jones,1998-03-01,female
191,Oliver,Lee,1978-08-06,male
192,James,Green,1999-01-06,male
193,Charles,Turner,1967-04-14,male
194,Nora,Miller,1963-09-26,female
195,Madison,Taylor,1980-02-24,female
196,Elizabeth,Johnson,1980-09-24,female
197,Grace,Hernandez,1987-06-19,female
198,Daniel,Williams,1991-02-10,male
199,Aiden,Robinson,1963-10-31,male
200,Nathan,White,1999-05-04,male
201,William,Moore,1989-01-24,male
202,Anna,Green,1977-05-23,female
203,Jackson,Thompson,1992-01-27,male
204,Grace,Williams,1986-04-05,female
205,Mary,Cooper,1993-08-06,female
206,Grace,Smith,1976-07-29,female
207,Logan,Miller,1997-12-22,male
208,Anna,Williams,1990-01-01,female
209,Sophia,Smith,1964-02-10,female
210,Sophia,Hall,1991-12-16,female
211,Scarlett,Taylor,1961-12-08,female
212,Richard,Wilson,1998-09-15,male
213,Daniel,Lopez,1983-01-15,male
214,Grace,Brown,1999-03-30,female
215,Scarlett,White,1972-05-15,female
216,Grace,Lewis,1950-05-15,female
217,Sarah,Garcia,1988-03-02,female
218,Sophie,Clark,1998-02-23,female
219,Mark,Wilson,1975-05-03,male
220,Sarah,Moore,1977-04-12,female
221,Joshua,Wilson,1981-03-17,male
222,Victoria,Wilson,1951-12-04,female
223,Nathan,Wilson,1981-10-02,male
224,William,Cooper,1971-07-25,male
225,Logan,Thompson,1965-05-22,male
226,Jackson,Brown,1998-02-07,male
227,Robert,Harris,1953-10-28,male
228,Sophie,Clark,1986-05-16,female
229,Isabella,Lee,1967-02-23,female
230,Anna,Baker,1976-11-06,female
231,Aria,Turner,1974-02-22,female
232,Mary,Phillips,1995-07-07,female
233,Emily,Evans,1966-01-08,female
234,Liam,Green,1952-12-08,male
235,Liam,Cooper,1967-06-15,male
236,David,Wilson,1995-06-20,male
237,Oliver,Evans,1966-05-22,male
238,Thomas,Perez,1987-09-17,male
239,Liam,Miller,1967-12-15,male
240,Daniel,Walker,2000-07-26,male
241,Aria,Wilson,1999-01-26,female
242,Ella,Adams,1964-01-15,female
243,Jennifer,Thompson,1993-12-28,female
244,John,Lewis,1967-12-28,male
245,Grace,Cooper,1953-01-31,female
246,Joshua,Johnson,1957-10-28,male
247,Lucas,Martin,1958-10-04,male
248,Ava,Brown,1983-05-25,female
249,Joseph,King,1951-07-12,male
250,Michael,Smith,1997-01-25,male
251,Victoria,Moore,1989-08-25,female
252,Joshua,Wilson,1972-03-24,male
253,Ava,Clark,1972-06-20,female
254,Grace,Davis,1971-11-21,female
255,Sarah,Taylor,1981-02-22,female
256,David,Smith,1995-07-02,male
257,Daniel,Jones,1964-01-12,male
258,Sarah,Jones,1960-08-10,female
259,Karen,Lewis,1965-04-22,female
260,Scarlett,Adams,1973-11-07,female
261,Jackson,Adams,1954-11-12,male
262,Emma,Cooper,1959-07-11,female
263,Alexis,Thompson,1959-01-20,male
264,Karen,Evans,1964-01-29,female
265,Jennifer,Martin,1983-07-09,female
266,Andrew,Davis,1997-11-17,male
267,Ava,Martin,1986-07-06,female
268,Ella,Martin,1969-07-14,female
269,Grace,Turner,1987-04-27,female
270,Michael,Thompson,1963-06-04,male
271,Mary,Hall,1954-05-26,female
272,Alexis,Davis,1971-06-13,male
273,Ethan,Robinson,1950-07-02,male
274,Thomas,White,1986-10-26,male
275,Chloe,Hall,2000-09-22,female
276,Jessica,Harris,1950-03-30,female
277,Aiden,Hernandez,1954-11-21,male
278,Daniel,Martin,1985-06-21,male
279,Lily,Harris,1953-01-25,female
280,Jackson,King,1969-06-09,male
281,William,Hall,1999-01-13,male
282,Lucas,Moore,1987-05-11,male
283,Madison,Harris,1969-04-05,female
284,Daniel,Harris,1950-01-13,male
285,Charlotte,White,1985-08-11,female
286,Aiden,Carter,1985-08-28,male
287,Ella,Robinson,1965-07-07,female
288,William,Williams,1980-07-03,male
289,Isabella,Turner,1983-05-12,female
290,James,Brown,1999-02-23,male
291,Mia,Davis,1950-01-23,female
292,Jennifer,Harris,1987-09-26,female
293,James,Perez,1980-06-24,male
294,Anna,Walker,1962-09-12,female
295,Olivia,King,1978-09-16,female
296,Sarah,Robinson,1989-07-18,female
297,Mark,Turner,1995-07-03,male
298,Logan,Smith,1969-07-21,male
299,Liam,Smith,1961-12-27,male
300,Victoria,Carter,2000-06-26,female
301,Joseph,Lopez,1979-11-19,male
302,Karen,Clark,1954-11-04,female
303,David,Robinson,2000-05-21,male
304,Aiden,Wilson,1985-09-19,male
305,Christopher,Lewis,1971-03-28,male
306,Zoe,Moore,1987-12-11,female
307,Oliver,Davis,1978-05-30,male
308,Charles,Lee,1958-06-24,male
309,Logan,Jones,1961-06-22,male
310,David,Garcia,1985-04-10,male
311,Olivia,Young,1955-07-19,female
312,Joshua,White,1973-01-01,male
313,Nora,Cooper,1964-07-29,female
314,Robert,Garcia,1954-01-09,male
315,Anna,Hernandez,1958-08-25,female
316,Lucy,Johnson,1960-06-12,female
317,William,Hernandez,1998-02-24,male
318,Lily,Taylor,1982-12-24,female
319,Isabella,Garcia,1989-05-05,female
320,William,Clark,1973-06-04,male
321,Robert,Turner,1999-02-28,male
322,Henry,Garcia,1971-01-20,male
323,Matthew,Johnson,1964-12-12,male
324,Isabella,Smith,1968-08-19,female
325,Henry,Harris,1950-12-22,male
326,Jessica,White,1968-04-02,female
327,Victoria,Robinson,1971-08-16,female
328,Oliver,Young,1955-10-24,male
329,Joseph,Baker,1965-10-16,male
330,William,Miller,1950-09-26,male
331,Mia,Clark,1960-06-18,female
332,Oliver,Thompson,1997-09-02,male
333,Daniel,Lopez,1975-06-20,male
334,Sophia,Miller,1974-01-28,female
335,Olivia,Williams,1964-08-08,female
336,Chloe,Brown,1968-08-31,female
337,Isabella,Lee,1956-06-11,female
338,Charlotte,Young,1993-09-05,female
339,Anna,Scott,1960-01-18,female
340,Michael,Lee,1950-08-06,male
341,Robert,Lewis,1993-01-10,male
342,Scarlett,Lee,1970-06-20,female
343,Liam,Clark,1951-01-27,male
344,Daniel,Thompson,1962-05-20,male
345,Elizabeth,Brown,1954-02-21,female
346,Nora,Martin,1956-05-19,female
347,Daniel,Brown,1965-08-03,male
348,Oliver,Anderson,1973-11-26,male
349,Ella,White,1981-12-09,female
350,Mia,Taylor,1985-05-29,female
351,Ethan,Perez,1979-10-04,male
352,Scarlett,Lee,1997-04-23,female
353,Emma,Baker,1960-03-29,female
354,Charlotte,Hall,1973-01-26,female
355,Sophia,Lee,1965-06-01,female
356,Victoria,Taylor,1984-01-27,female
357,Grace,Phillips,1973-03-09,female
358,Henry,Martin,1960-01-29,male
359,Grace,Taylor,1995-09-26,female
360,Liam,Anderson,1994-02-14,male
361,Jessica,Lee,1977-04-17,female
362,John,Lee,1982-11-28,male
363,Olivia,Moore,1984-02-23,female
364,Thomas,Martin,1987-08-14,male
365,Mia,White,1984-12-20,female
366,Sophia,Adams,1984-10-19,female
367,Michael,Williams,1956-03-02,male
368,Jane,Brown,1984-05-16,female
369,Daniel,Williams,1987-02-24,male
370,Thomas,Hall,1979-07-06,male
371,Henry,Hall,1978-12-25,male
372,Sarah,Thompson,1995-02-05,female
373,Christopher,White,1964-05-18,male
374,Jane,Hall,1968-09-03,female
375,Grace,Jones,1974-10-10,female
376,Mark,Thompson,1999-01-12,male
377,Henry,Moore,1989-09-26,male
378,David,Evans,1971-04-09,male
379,Mia,Wilson,1952-11-01,female
380,Oliver,Jackson,1981-01-04,male
381,Henry,Walker,1987-03-14,male
382,Jane,Robinson,1975-06-24,female
383,James,Clark,1956-03-17,male
384,Olivia,Wilson,1964-10-11,female
385,Mia,Garcia,1984-08-17,female
386,Isabella,White,1985-11-08,female
387,Liam,Martin,1957-02-14,male
388,David,Anderson,1989-05-31,male
389,Robert,Carter,1968-10-11,male
390,Olivia,Anderson,1961-04-04,female
391,Chloe,Clark,1950-08-01,female
392,Victoria,Miller,1994-06-12,female
393,William,Green,1956-03-20,male
394,Liam,Harris,1991-03-03,male
395,Henry,Clark,1975-06-01,male
396,Nora,White,1996-06-10,female
397,Lucas,Anderson,1965-10-17,male
398,Mark,Smith,1995-05-13,male
399,Lucas,Carter,1952-06-19,male
400,Christopher,Green,1997-12-18,male
401,Olivia,Brown,1964-09-26,female
402,Ethan,Anderson,1958-08-03,male
403,Alexis,Turner,1993-06-08,male
404,Madison,Lee,1997-09-25,female
405,Lucas,Martin,1982-03-02,male
406,Emma,Lewis,1959-09-14,female
407,Olivia,Clark,1959-12-07,female
408,Jane,Hall,1955-04-29,female
409,Lucas,Adams,1993-06-04,male
410,Madison,Clark,1953-04-09,female
411,Jessica,Perez,1994-02-09,female
412,Robert,Hernandez,1954-07-24,male
413,Mia,Anderson,1960-03-31,female
414,Olivia,Green,1979-04-24,female
415,Liam,Lewis,1981-05-04,male
416,Charles,Clark,1983-01-02,male
417,Olivia,Harris,1982-07-18,female
418,Jessica,Lee,1960-12-15,female
419,Sarah,Turner,1970-04-25,female
420,Scarlett,Thompson,1978-07-04,female
421,Karen,Wilson,1985-06-21,female
422,Daniel,Davis,1971-05-21,male
423,Lucy,Hernandez,1961-04-05,female
424,Aiden,Taylor,1996-11-07,male
425,Joseph,Wilson,1955-08-05,male
426,Sophia,Wilson,2000-08-16,female
427,Joshua,Wilson,1974-05-24,male
428,Oliver,White,1978-11-12,male
429,Sophia,Turner,1975-04-19,female
430,John,Anderson,1966-06-23,male
431,Grace,Scott,1961-12-13,female
432,Amelia,Miller,1992-02-21,female
433,Matthew,Wilson,1960-12-12,male
434,Zoe,Garcia,1973-07-14,female
435,Daniel,Brown,1967-04-12,male
436,Emily,Lewis,1981-10-05,female
437,Jennifer,Lee,1986-12-05,female
438,Jane,White,1951-08-09,female
439,Jessica,Taylor,1982-03-10,female
440,Joseph,Evans,1969-07-26,male
441,Daniel,Williams,1986-07-06,male
442,Liam,Davis,1995-01-18,male
443,Ethan,Anderson,1971-12-01,male
444,Mark,Martin,1962-11-10,male
445,Thomas,Walker,1953-03-02,male
446,Daniel,Walker,1995-03-11,male
447,Charlotte,Brown,2000-02-24,female
448,Sarah,Hall,1987-05-29,female
449,Charles,Turner,1979-12-26,male
450,Ella,Turner,1995-02-06,female
451,Joseph,Lopez,1992-04-01,male
452,Joshua,Adams,1950-03-03,male
453,Logan,Anderson,1965-10-20,male
454,Henry,Carter,1991-10-23,male
455,Mark,Perez,1958-06-09,male
456,Aiden,Smith,1978-05-04,male
457,Logan,Lewis,1951-06-19,male
458,Jennifer,Robinson,1979-09-06,female
459,Richard,Moore,1954-05-02,male
460,Emma,Hall,1985-10-16,female
461,Ella,Hall,1955-11-23,female
462,John,Harris,1992-04-05,male
463,Joseph,Lee,1961-12-22,male
464,Christopher,Miller,1991-02-26,male
465,Madison,Baker,1978-02-28,female
466,Lily,Wilson,1963-11-22,female
467,Lily,Cooper,1991-03-14,female
468,David,Baker,1952-04-19,male
469,Anna,Johnson,1991-12-29,female
470,Joseph,Lewis,1958-06-12,male
471,Lily,Lopez,1977-02-22,female
472,Jackson,Williams,1995-01-16,male
473,Amelia,Thompson,1989-01-31,female
474,Ella,Lewis,1997-02-19,female
475,Henry,Johnson,1977-08-03,male
476,Thomas,Davis,1959-08-29,male
477,Liam,Wright,1972-06-06,male
478,Mark,Phillips,1964-10-19,male
479,Anna,Wilson,1956-11-03,female
480,Thomas,Harris,1963-12-31,male
481,Madison,Harris,1993-07-06,female
482,Robert,Miller,1986-06-26,male
483,Alexis,Lee,1997-02-15,male
484,William,Perez,1982-01-14,male
485,Jennifer,Lee,1957-04-14,female
486,Henry,White,1966-01-14,male
487,Alexis,Evans,1962-02-03,male
488,Amelia,Wilson,1980-04-04,female
489,Jennifer,Robinson,1970-03-15,female
490,Mary,Young,1995-01-05,female
491,Scarlett,Hall,1964-10-10,female
492,Joseph,Moore,1962-08-29,male
493,Alexis,Thompson,1992-09-29,male
494,Lily,Jones,1969-02-24,female
495,John,Anderson,1998-08-21,male
496,Anna,Hall,1950-12-12,female
497,Liam,Wilson,1990-05-31,male
498,Sophia,Smith,1987-01-20,female
499,Joshua,Lee,1965-08-18,male
500,Lucas,Robinson,1978-08-06,male
501,Sarah,Turner,1998-10-09,female
502,David,Baker,1968-07-25,male
503,Thomas,King,1990-10-28,male
504,Karen,Davis,1961-09-08,female
505,Ella,Turner,1994-04-12,female
506,Andrew,Wilson,1966-03-27,male
507,Emma,Wilson,1968-06-20,female
508,Chloe,Lee,1970-06-09,female
509,Andrew,Jackson,1964-06-21,male
510,Charlotte,Baker,1954-05-02,female
511,Elizabeth,Walker,1984-04-08,female
512,Nathan,Garcia,1967-06-23,male
513,Jennifer,Harris,1984-04-09,female
514,Victoria,Garcia,1955-08-06,female
515,Lily,Robinson,1962-06-07,female
516,Sophie,Lee,1999-08-11,female
517,Thomas,Perez,1986-10-29,male
518,Chloe,White,1981-05-23,female
519,Henry,Garcia,1987-10-22,male
520,Anna,Davis,1987-03-16,female
521,Sarah,Thompson,1965-03-21,female
522,Grace,Young,1975-07-05,female
523,Michael,Robinson,1985-01-12,male
524,William,Hall,1993-09-13,male
525,Anna,Johnson,1986-08-21,female
526,Charlotte,Johnson,1976-04-13,female
527,David,Williams,2000-01-27,male
528,Aria,Jones,1958-02-12,female
529,William,Garcia,1995-08-04,male
530,John,Lewis,1955-05-27,male
531,Matthew,Williams,1972-04-22,male
532,James,Hall,1995-12-19,male
533,Sophia,Smith,1982-07-24,female
534,Jessica,Anderson,1973-04-04,female
535,Elizabeth,Davis,1973-03-23,female
536,Victoria,Smith,1992-05-29,female
537,Lucy,Harris,1983-01-21,female
538,Liam,Thompson,1974-12-14,male
539,Lily,Williams,1974-06-30,female
540,Joshua,Moore,1987-10-30,male
541,Sophie,Miller,1982-04-11,female
542,Sarah,Anderson,1951-08-29,female
543,William,Clark,1987-05-20,male
544,Henry,Smith,1986-12-21,male
545,Thomas,Young,1973-01-19,male
546,Emily,Williams,1956-11-01,female
547,Sophie,Moore,1971-11-13,female
548,Aria,Johnson,1955-07-31,female
549,Richard,Green,1999-01-10,male
550,Chloe,Clark,1999-11-10,female
551,Michael,Perez,1950-02-02,male
552,Anna,Lee,1972-09-28,female
553,Sarah,Young,1995-12-04,female
554,Scarlett,Taylor,1986-03-17,female
555,Anna,Adams,1972-06-30,female
556,Charlotte,Brown,1950-10-21,female
557,Chloe,White,1973-02-12,female
558,Robert,Davis,1979-06-24,male
559,Amelia,Martin,1953-02-21,female
560,Charlotte,Taylor,1976-11-28,female
561,Richard,Young,2000-05-14,male
562,Joshua,Robinson,1980-02-21,male
563,Charles,Lopez,1973-10-23,male
564,Ethan,Lee,1977-04-30,male
565,Madison,Evans,1966-04-26,female
566,Amelia,Wilson,1972-06-03,female
567,Daniel,Green,1997-07-01,male
568,Jennifer,Miller,1990-04-28,female
569,Emily,Harris,1965-12-02,female
570,Mary,Hall,1992-01-05,female
571,Aiden,Perez,1973-11-06,male
572,Grace,Robinson,1964-01-10,female
573,Amelia,Anderson,2000-06-11,female
574,Aria,Walker,1996-04-13,female
575,Anna,Cooper,1994-07-20,female
576,Lily,Phillips,1995-03-07,female
577,Charles,Anderson,1962-11-01,male
578,Zoe,Cooper,1952-10-19,female
579,Jessica,Lee,1985-04-21,female
580,Chloe,King,1992-02-01,female
581,Aiden,Wilson,1980-06-09,male
582,Lucy,Lee,1968-08-03,female
583,Anna,Anderson,2000-04-26,female
584,Joseph,Johnson,1986-08-16,male
585,Sarah,Anderson,1952-09-01,female
586,Matthew,Anderson,1981-10-01,male
587,Isabella,Martin,1977-04-29,female
588,Benjamin,Brown,1987-11-21,male
589,Sophie,Carter,1960-07-13,female
590,Andrew,Davis,1970-08-07,male
591,Isabella,Smith,1957-11-25,female
592,Emma,Taylor,1976-12-24,female
593,Jane,Johnson,1983-08-10,female
594,Olivia,Scott,1962-07-02,female
595,Daniel,Moore,1999-02-23,male
596,Mia,Taylor,1963-10-29,female
597,Sophia,Martin,1985-02-10,female
598,Robert,Wilson,1972-09-27,male
599,Jennifer,Wright,1981-09-23,female
600,Amelia,Clark,1985-06-09,female
601,Olivia,Hall,1952-11-20,female
602,Mary,Lopez,1977-03-30,female
603,Sophia,Green,1997-07-14,female
604,Charles,Clark,1963-03-31,male
605,Nora,Davis,1967-01-03,female
606,Benjamin,Wilson,1975-06-17,male
607,Ava,Baker,1988-04-11,female
608,Sarah,Davis,1993-04-06,female
609,Alexis,Miller,1979-06-29,male
610,Sophie,Harris,1952-04-18,female
611,Lily,Jackson,1993-11-08,female
612,Grace,Lee,1971-11-25,female
613,Aria,Harris,1950-06-29,female
614,Sarah,Johnson,1963-11-13,female
615,Joseph,Young,1982-06-27,male
616,David,King,1960-03-11,male
617,Mark,Carter,1996-05-17,male
618,Jackson,Miller,1956-03-25,male
619,Grace,Moore,1966-12-03,female
620,David,Hall,1985-08-08,male
621,Aiden,Lewis,1994-04-29,male
622,Isabella,King,1989-03-23,female
623,Charlotte,White,1976-12-29,female
624,Chloe,Martin,1957-05-23,female
625,Ava,Carter,1953-02-28,female
626,Sarah,Clark,1962-06-03,female
627,Grace,Hall,1960-07-05,female
628,Zoe,Lee,1997-04-02,female
629,Sophia,Harris,1966-04-03,female
630,Nathan,Lopez,1960-09-16,male
631,David,Robinson,1998-08-22,male
632,Scarlett,Young,1955-07-28,female
633,Scarlett,Davis,1970-12-18,female
634,Grace,Turner,1972-09-05,female
635,Aiden,Jackson,1977-05-14,male
636,Sophia,Wilson,2000-08-19,female
637,Karen,Miller,1961-05-16,female
638,Chloe,Baker,1971-03-14,female
639,Christopher,Wilson,1962-12-07,male
640,Liam,Garcia,1984-12-22,male
641,John,King,1995-10-21,male
642,Richard,White,1987-02-11,male
643,Victoria,Evans,1986-11-30,female
644,Jane,Thompson,1995-03-02,female
645,Charlotte,Brown,1951-12-12,female
646,Sophie,Miller,1965-01-18,female
647,Grace,Wilson,1984-06-23,female
648,Joseph,White,1979-07-08,male
649,William,Green,1969-12-14,male
650,Joshua,Taylor,1998-05-06,male
651,Grace,Martin,1961-06-11,female
652,Olivia,Wilson,1964-01-25,female
653,Joshua,Carter,1964-01-24,male
654,Nora,Jones,1998-03-25,female
655,Ava,Davis,1987-10-18,female
656,Daniel,Thompson,1960-01-05,male
657,Chloe,Brown,1974-01-02,female
658,Nora,Baker,1987-05-23,female
659,Victoria,Clark,1959-12-24,female
660,Ella,Anderson,1992-11-13,female
661,Mia,Cooper,1965-01-18,female
662,Sophia,Jones,1953-02-02,female
663,Oliver,Garcia,1993-09-10,male
664,Emily,Johnson,1975-11-21,female
665,Liam,Walker,1974-10-17,male
666,Charles,Hall,1993-12-06,male
667,James,Robinson,1963-02-19,male
668,Nora,Harris,1966-03-11,female
669,Mark,Wilson,2000-07-29,male
670,Sophia,Turner,1986-01-26,female
671,Andrew,Lewis,1997-09-27,male
672,Jane,Miller,1990-10-23,female
673,Liam,Walker,1952-04-21,male
674,Nathan,Taylor,1997-02-04,male
675,Sarah,Hall,1959-04-06,female
676,Charlotte,Carter,1971-09-04,female
677,Nora,Wilson,1956-06-24,female
678,Alexis,Brown,1973-11-04,male
679,Sophie,Taylor,1976-01-02,female
680,Logan,Smith,2000-03-20,male
681,Thomas,Taylor,1965-07-25,male
682,William,Lewis,1999-05-15,male
683,Emily,Lopez,1965-11-07,female
684,Aria,Phillips,1975-01-29,female
685,Sophia,Scott,1974-12-02,female
686,Ella,Lopez,1953-04-16,female
687,William,Wilson,1985-09-19,male
688,Grace,Smith,1965-06-18,female
689,Thomas,Wright,1988-02-14,male
690,Grace,Robinson,1997-02-17,female
691,Zoe,Garcia,1956-11-06,female
692,Michael,Adams,1968-03-28,male
693,Richard,Jackson,1977-05-11,male
694,Olivia,Brown,1986-01-02,female
695,Olivia,Young,1989-02-12,female
696,Richard,Wright,1955-02-07,male
697,Joseph,Taylor,1990-09-06,male
698,David,Scott,1977-05-10,male
699,Richard,Martin,1981-02-10,male
700,Isabella,Clark,1967-08-18,female
701,William,Taylor,1982-05-07,male
702,Olivia,Wilson,1950-02-19,female
703,Victoria,Lee,1993-09-10,female
704,Ella,Perez,1992-10-11,female
705,Aiden,Thompson,1952-05-02,male
706,Aria,Robinson,1997-08-15,female
707,Daniel,Hall,1972-04-30,male
708,Emily,Smith,1962-07-17,female
709,Victoria,Carter,1978-03-01,female
710,Michael,Robinson,1969-08-13,male
711,Jane,Martin,1974-11-09,female
712,Isabella,Evans,1970-05-24,female
713,Ethan,Young,1967-02-14,male
714,Matthew,Carter,1973-10-28,male
715,Joseph,Moore,1981-05-20,male
716,Nora,Young,1979-05-25,female
717,Olivia,Wilson,1971-12-31,female
718,James,Brown,1987-05-02,male
719,Jessica,Wilson,1989-05-01,female
720,Isabella,Brown,1998-12-18,female
721,Lucy,Clark,1999-08-17,female
722,Thomas,Hall,1966-11-07,male
723,John,Wilson,1986-07-04,male
724,Sarah,Taylor,1999-03-05,female
725,Charles,Wilson,1996-09-25,male
726,Alexis,Miller,1965-10-29,male
727,Joshua,Clark,1979-10-13,male
728,Thomas,Wilson,1965-09-15,male
729,Nathan,Harris,1989-01-17,male
730,Aiden,Harris,1955-03-11,male
731,Sophia,Wright,1983-03-04,female
732,Matthew,Martin,1967-03-02,male
733,Aiden,Johnson,1980-12-15,male
734,Ava,White,1960-08-10,female
735,John,Lewis,1972-02-27,male
736,John,Jones,1996-04-24,male
737,Lucas,Martin,2000-02-15,male
738,Joshua,Perez,1975-09-25,male
739,Chloe,Johnson,1969-07-19,female
740,Alexis,Green,1997-06-01,male
741,Henry,Lee,1985-06-29,male
742,Mark,Anderson,1953-04-24,male
743,Sophia,Anderson,1988-03-26,female
744,Robert,Hall,1983-11-06,male
745,Aria,Harris,1976-11-26,female
746,Emily,Taylor,1968-06-11,female
747,Ella,Moore,1981-11-09,female
748,Liam,White,1971-11-01,male
749,Olivia,Martin,1956-01-07,female
750,Anna,Wilson,1996-07-09,female
751,Matthew,Thompson,1988-03-09,male
752,Nora,Jackson,2000-06-30,female
753,Nathan,Scott,1962-03-27,male
754,Aiden,Young,1977-03-15,male
755,Isabella,Hernandez,1987-05-02,female
756,Sarah,Baker,1956-10-20,female
757,Jackson,Robinson,1979-02-06,male
758,Daniel,Anderson,1973-10-11,male
759,Isabella,Williams,1976-02-23,female
760,Sophia,Jones,1970-08-22,female
761,Victoria,Clark,1984-05-15,female
762,Isabella,Turner,1987-08-02,female
763,Chloe,Davis,1962-08-22,female
764,Mary,Jones,2000-06-15,female
765,Alexis,Young,1980-09-26,male
766,Grace,Johnson,1967-07-03,female
767,Victoria,Davis,1998-03-19,female
768,Amelia,Young,1992-09-29,female
769,Joseph,Taylor,1952-04-30,male
770,Mia,Wilson,1985-12-25,female
771,Nora,Clark,1950-11-07,female
772,Oliver,Walker,1950-02-02,male
773,Scarlett,Green,1972-04-02,female
774,David,Walker,1976-07-27,male
775,Alexis,Hernandez,1987-03-27,male
776,Lucas,Hall,1991-01-02,male
777,Ava,Thompson,1962-01-22,female
778,Joshua,Young,1966-01-20,male
779,Thomas,Wilson,1998-03-24,male
780,James,Moore,1983-03-10,male
781,Robert,Jones,1977-07-13,male
782,Grace,Perez,1957-03-31,female
783,James,Harris,1978-12-08,male
784,Matthew,Martin,1982-08-09,male
785,Charlotte,Taylor,1960-03-11,female
786,Andrew,Lewis,1963-10-23,male
787,Ella,Brown,1994-01-01,female
788,Ella,Clark,1967-09-19,female
789,Victoria,Garcia,1987-01-24,female
790,Mary,Lewis,1988-05-30,female
791,Victoria,Wilson,1972-10-20,female
792,Matthew,Anderson,1950-07-12,male
793,Ethan,Carter,1954-08-12,male
794,Mark,Taylor,1965-09-23,male
795,Nora,Jones,1984-12-17,female
796,Isabella,Wilson,1968-11-25,female
797,Ella,Young,1987-06-28,female
798,Chloe,Anderson,1971-05-24,female
799,William,Harris,1974-09-06,male
800,Daniel,Robinson,1996-04-06,male
801,David,Clark,1979-06-07,male
802,Olivia,Martin,1956-04-22,female
803,Daniel,Lee,1978-08-06,male
804,Andrew,Lopez,1998-03-11,male
805,Matthew,Phillips,1991-07-17,male
806,Matthew,Lopez,1954-05-11,male
807,Karen,Harris,1980-02-02,female
808,Mary,Lewis,1999-04-08,female
809,Ethan,Hall,1966-09-25,male
810,Ella,Taylor,1958-01-03,female
811,Emma,Johnson,1972-11-07,female
812,Nathan,King,1975-08-02,male
813,Mark,Turner,1988-11-21,male
814,Lucas,Smith,1960-08-31,male
815,Liam,Wright,1991-10-29,male
816,Logan,Lopez,1961-03-22,male
817,Michael,White,1967-12-02,male
818,Scarlett,Martin,1968-04-09,female
819,Mia,Wilson,1972-06-05,female
820,Charles,Turner,1965-03-03,male
821,Thomas,Anderson,1960-01-30,male
822,Grace,Wilson,1989-03-31,female
823,Jane,Perez,1965-09-01,female
824,Liam,Taylor,1996-04-26,male
825,Nathan,Hernandez,1971-10-11,male
826,Logan,Hall,1957-10-30,male
827,Lily,Anderson,1960-03-09,female
828,Oliver,Young,1968-04-21,male
829,William,Taylor,1967-07-18,male
830,Aiden,Wright,1997-06-25,male
831,William,Wilson,1958-08-12,male
832,Chloe,Johnson,1998-08-23,female
833,Liam,Jones,1986-03-30,male
834,Jessica,Hall,1984-09-13,female
835,Grace,Brown,1962-10-22,female
836,Madison,Johnson,1959-04-10,female
837,Lucas,Harris,1992-09-21,male
838,Charlotte,Smith,1969-02-21,female
839,Charlotte,Martin,1954-11-29,female
840,Chloe,Davis,1981-11-12,female
841,Aria,Young,1971-08-05,female
842,Isabella,Brown,1977-06-09,female
843,Mark,Davis,1959-12-16,male
844,Nathan,Williams,1978-10-08,male
845,Victoria,Evans,1976-09-12,female
846,Richard,Clark,1956-02-21,male
847,Jennifer,Lee,1983-02-07,female
848,Lucas,Hernandez,1951-07-24,male
849,Mary,Smith,1965-05-28,female
850,Sophie,Davis,1981-09-02,female
851,Victoria,Wilson,1994-10-25,female
852,Christopher,Hall,1980-10-12,male
853,Grace,Moore,1977-04-20,female
854,Aiden,Turner,1964-11-19,male
855,Liam,Phillips,1954-04-18,male
856,Daniel,Thompson,1958-06-02,male
857,Charles,Clark,1951-04-09,male
858,Isabella,Jones,1962-02-25,female
859,Alexis,Miller,1986-04-28,male
860,James,Hernandez,1986-10-28,male
861,Grace,Johnson,1983-10-14,female
862,Lily,Davis,1960-06-21,female
863,Sophia,Davis,1987-08-15,female
864,Daniel,Scott,1987-07-13,male
865,Lucy,Turner,1983-08-22,female
866,Jackson,Robinson,1953-08-12,male
867,Olivia,Wilson,1950-04-19,female
868,Lily,White,1976-09-13,female
869,James,Williams,1950-03-25,male
870,Charlotte,Jones,1992-02-06,female
871,Joshua,Johnson,1951-07-22,male
872,Andrew,Smith,1965-01-25,male
873,Anna,Anderson,1996-08-09,female
874,Ella,Harris,1986-12-18,female
875,Nora,Hall,1987-10-31,female
876,Liam,Carter,1979-06-13,male
877,Emma,White,1996-05-25,female
878,Richard,Garcia,1962-07-15,male
879,Christopher,Anderson,1961-02-22,male
880,Chloe,Harris,1993-03-08,female
881,Ella,Cooper,1998-02-13,female
882,William,King,1955-01-22,male
883,Oliver,Anderson,1961-03-12,male
884,Jennifer,Brown,1997-09-29,female
885,Amelia,Scott,1983-07-08,female
886,Nora,Jackson,1962-08-17,female
887,David,Young,1953-08-19,male
888,John,King,1966-05-07,male
889,Benjamin,Harris,1990-08-06,male
890,Grace,Brown,1988-02-08,female
891,Ava,Harris,1964-08-03,female
892,Victoria,Wilson,1972-06-19,female
893,Daniel,Clark,1963-08-01,male
894,Liam,Perez,1980-10-19,male
895,Mary,Garcia,1966-05-21,female
896,Liam,Anderson,1967-04-08,male
897,Anna,Johnson,1983-04-18,female
898,Grace,Harris,1959-04-03,female
899,Liam,Turner,1964-04-23,male
900,Michael,Moore,1961-03-21,male
901,Daniel,Harris,1982-02-22,male
902,Emma,Evans,1978-10-28,female
903,Victoria,Martin,1955-01-31,female
904,Lucy,Thompson,1953-06-28,female
905,Chloe,Hernandez,1998-07-19,female
906,Scarlett,Hall,1954-07-21,female
907,Joshua,Wilson,1994-08-22,male
908,John,Phillips,1983-10-03,male
909,Jane,Evans,1978-06-27,female
910,Sophia,Clark,1992-11-18,female
911,Zoe,Martin,1982-07-17,female
912,Madison,Johnson,1971-05-28,female
913,Victoria,Miller,1976-08-09,female
914,Daniel,Robinson,1951-06-10,male
915,Aiden,Moore,1960-01-01,male
916,Ava,Miller,1973-06-02,female
917,Sophia,Green,1967-12-22,female
918,Richard,Turner,1957-12-05,male
919,James,Hall,1951-08-31,male
920,Mary,Lee,1966-09-09,female
921,Emma,Taylor,1970-09-02,female
922,Christopher,Robinson,1950-09-05,male
923,Henry,Miller,1970-04-10,male
924,Mark,Lee,1973-06-06,male
925,Jackson,Perez,1969-01-13,male
926,Liam,Lewis,1965-03-10,male
927,Logan,Scott,1991-07-20,male
928,Charlotte,Brown,1964-04-06,female
929,Nathan,Taylor,1954-07-02,male
930,Michael,Harris,1953-04-08,male
931,Daniel,Adams,1978-12-02,male
932,Thomas,Jackson,1953-01-12,male
933,Sophia,Hall,1974-07-06,female
934,Grace,Robinson,1982-10-13,female
935,Victoria,Evans,1974-08-10,female
936,Richard,Wilson,1958-09-04,male
937,Richard,Green,1987-05-23,male
938,Aiden,Jones,1970-05-09,male
939,Nathan,Davis,1958-05-05,male
940,Elizabeth,Adams,1967-08-25,female
941,James,Garcia,1999-12-01,male
942,Joseph,Lewis,1986-04-16,male
943,Elizabeth,Martin,1997-03-16,female
944,John,Harris,1959-11-12,male
945,Sophia,Wilson,1976-03-30,female
946,Jane,White,1978-09-19,female
947,Jennifer,Miller,1951-08-28,female
948,Lucy,Green,1970-06-20,female
949,Anna,Turner,1950-03-03,female
950,Daniel,Hall,1979-06-15,male
951,Isabella,Green,1981-02-27,female
952,Aria,Phillips,1993-05-02,female
953,Charlotte,Moore,1982-01-24,female
954,Anna,Hall,1956-07-07,female
955,Nora,Phillips,1997-08-06,female
956,Elizabeth,Young,1968-03-24,female
957,Grace,Jackson,1981-08-28,female
958,Anna,Scott,1963-12-02,female
959,Jackson,Anderson,2000-11-06,male
960,Grace,Baker,1966-12-05,female
961,Ella,Hernandez,1991-06-24,female
962,Victoria,Phillips,1967-10-27,female
963,James,Carter,1987-06-18,male
964,Daniel,Harris,1974-03-15,male
965,Joshua,Martin,2000-04-11,male
966,Olivia,Taylor,1980-01-17,female
967,Liam,Green,1953-02-13,male
968,Liam,Cooper,1998-05-23,male
969,Mia,Harris,1951-02-11,female
970,Robert,Baker,1964-05-25,male
971,Richard,Harris,1951-03-05,male
972,James,Wilson,1994-08-01,male
973,Oliver,White,1960-01-26,male
974,Christopher,White,1989-09-25,male
975,Mary,Hernandez,1967-09-25,female
976,Mary,Scott,1954-09-20,female
977,Elizabeth,Martin,1958-03-17,female
978,Richard,White,1992-11-21,male
979,Aria,Anderson,1998-11-12,female
980,Grace,Taylor,1994-02-04,female
981,Jane,Miller,1999-11-21,female
982,Anna,Williams,1967-09-20,female
983,Matthew,Harris,1964-02-13,male
984,Ethan,Young,1965-08-25,male
985,Alexis,Robinson,1969-08-30,male
986,Zoe,Hall,1990-12-15,female
987,Jennifer,Moore,1968-05-16,female
988,Anna,Hall,1988-04-13,female
989,Sarah,Green,1988-11-13,female
990,Mary,White,1981-05-30,female
991,Logan,Williams,1997-02-11,male
992,Joseph,Jones,1956-08-02,male
993,Lucy,Hall,1980-10-05,female
994,Aria,White,1957-03-28,female
995,William,King,1964-11-19,male
996,Daniel,Williams,2000-04-08,male
997,Robert,Brown,1976-08-19,male
998,Emma,Miller,1950-06-12,female
999,Grace,White,1951-08-13,female
1000,Oliver,Harris,1961-12-17,male
